Category,Item Name,Shot Count,Price,Description,Video Link,Image Name,Category
9,Dominator Artiller Shell,12,$13.97 ,These reloadable shells will keep you and your guest entertained.,https://youtu.be/R-vlUwovpp8,dominator_12pk,12 Shot Reloadable
9,Black Mag,12,$24.97 ,These reloadable shells will keep you and your guest entertained.,https://www.youtube.com/watch?v=wKlxrCKoMek,black_mag,12 Shot Reloadable
9,Powerstroke,12,$24.97 ,These reloadable shells will keep you and your guest entertained.,https://youtu.be/5FTV_SsmicE,powerstroke,12 Shot Reloadable
9,Top Shelf,12,$29.97 ,These reloadable shells will keep you and your guest entertained.,https://youtu.be/y335hj4dLaE,top_shelf,12 Shot Reloadable
9,Pyro Predator Canisters,12,$49.97 ,These reloadable shells will keep you and your guest entertained.,https://youtu.be/0KaNGk82rlY,pyro_predator_canisters,12 Shot Reloadable
9,Pyro Mag,36,$74.97 ,These reloadable shells will keep you and your guest entertained.,https://youtu.be/gOQKYaFhotU,pyro_mag,16-36 Shot Reloadable
9,Everest,24,$79.97 ,Watch these relaodable shells keep going and going up.,http://www.brotherspyrotechnics.com/www/productvid/2016/bp-a083!20.mp4,everest,16-36 Shot Reloadable
9,Power of Thor,24,$94.97 ,Harness the power of Thor with these reloadable shells.,https://youtu.be/9PoI6tO9kXo,power_of_thor,16-36 Shot Reloadable
9,Zeus,24,$99.97 ,Harness the power of Zeus with these reloadable shells.,https://youtu.be/ewLsIARnxPA,zues,16-36 Shot Reloadable
9,Pyro Predator,24,$99.97 ,Harness the power of a Predator with these reloadable shells.,https://youtu.be/LovwaCvytYM,pyro_predator,16-36 Shot Reloadable
9,Quest,24,$99.97 ,Start your Quest with these these reloadable shells.,https://youtu.be/_m6d0tXrhP4,quest,16-36 Shot Reloadable
9,Best of the Bear,24,$104.97 ,Have fun with these reloadable shells with the best of what the bear can bring,https://youtu.be/PTpKiwHiKUE,best_of_the_bear,16-36 Shot Reloadable
9,Taste My Venom,24,$109.97 ,Taste the venom of these reloadable shells as they will wow everybody that sees them.,https://youtu.be/M3YnmgbLZcc,taste_my_venom,16-36 Shot Reloadable
9,BattleZone,36,$124.97 ,Welcome to the battle of fireworks with these reloadable shells.,https://youtu.be/55y-vvVSNjo,battlezone,16-36 Shot Reloadable
9,Boomtown,24,$129.97 ,Welcome to Boomtown!!!,https://youtu.be/Fs6AXsZj8ck,boomtown,16-36 Shot Reloadable
8,Happy Fireworks,6,$0.97 ,These little firework cake will be fun for all.,https://youtu.be/eeABLScDQu0,happy_fireworks,200g Cakes
8,Color Pearl,48,$1.49 ,These quite fireworks are great for kids,https://youtu.be/3iq6-YEMMXI,color_pearl,200g Cakes
8,Twitter Glitter,18,$1.97 ,This cake is beautiful for kid and parents alike.,https://youtu.be/HXkqFCHO6uw,twitter_glitter,200g Cakes
8,News Transmitter,24,$2.25 ,This cake is a nice mix of saturn missille and cake.,https://youtu.be/8nCfv3N6PDU,news_transmitter,200g Cakes
8,Happy Fireworks,16,$2.97 ,These little firework cake will be fun for all.,https://youtu.be/gI0z7IK-pz0,happy_fireworks_16,200g Cakes
8,Color Pearl,96,$2.97 ,These quite fireworks are great for kids,https://youtu.be/fLvaP-28C3g,color_pearl_96,200g Cakes
8,Nanotech,8,$3.97 ,This cake will surprise all who watches.,https://youtu.be/BzljyeSlSDg,nanotech,200g Cakes
8,Special Forces Series - Freedom Fighter,9,$3.97 ,This cake will is perfect for putting on a great show.,https://youtu.be/HhFDYvykE4s,special_forces_series,200g Cakes
8,Special Forces Series - Warship,9,$3.97 ,This cake will is perfect for putting on a great show.,https://youtu.be/HhFDYvykE4s,special_forces_series,200g Cakes
8,Special Forces Series - Battlefield,9,$3.97 ,This cake will is perfect for putting on a great show.,https://youtu.be/HhFDYvykE4s,special_forces_series,200g Cakes
8,Special Forces Series - American Heroes,9,$3.97 ,This cake will is perfect for putting on a great show.,https://youtu.be/HhFDYvykE4s,special_forces_series,200g Cakes
8,Mighty Cobra,19,$6.97 ,Watch as the shots come crackling out like snake rising up.,https://youtu.be/qefZnFnxArw,mighty_cobra,200g Cakes
8,Robot Rage,8,$7.97 ,This cake will is perfect for putting on a great show.,https://youtu.be/ISj4t6eIAVc,robot_rage,200g Cakes
8,Sword,8,$8.97 ,This cake will is perfect for putting on a great show.,https://youtu.be/QICjFym1mjg,sword,200g Cakes
8,Monkey Wrench,16,$8.97 ,This cake will is perfect for putting on a great show.,https://youtu.be/QVIGQqHZKPI,monkey_wrench,200g Cakes
8,Zombie Invasion,16,$8.97 ,This cake has a nice mixture of fun going on.,https://youtu.be/qUdQOayPyt0,zombie_invasion,200g Cakes
8,Mach 12,12,$9.97 ,This cake will is perfect for putting on a great show.,https://youtu.be/AMdVc6z-9Kc,mach_12,200g Cakes
8,Blackmail,20,$10.97 ,This cake will is perfect for putting on a great show.,https://youtu.be/V3X9G5KhUzY,blackmail,200g Cakes
8,Criss Cross,16,$12.97 ,Watch as this cake shots two shot that when explode will make a beautiful crossing effect.,https://www.youtube.com/watch?v=_KjTjWKwcWU,criss_cross,200g Cakes
8,Game of Drones,16,$12.97 ,This cake is full of beautiful to watch it nice bright colors.,https://www.youtube.com/watch?v=Ax2G8IegteE,game_of_drones,200g Cakes
8,Neon Demons,24,$13.97 ,This cake is full of beautiful to watch it nice bright colors.,https://youtu.be/DXfbXdQqJ6Y,neon_demons,200g Cakes
8,Mental Breakdown,25,$13.97 ,This cake will is perfect for putting on a great show.,https://youtu.be/jArvwFQ3ibk,mental_breakdown,200g Cakes
8,Wildcard,49,$15.97 ,This cake will is perfect for putting on a great show.,https://youtu.be/uZ_w_LUn9sE,wildcard,200g Cakes
8,Silver Screen,35,$17.97 ,This cake will is perfect for putting on a great show.,https://youtu.be/1xUSd8YFq0o,silver_screen,200g Cakes
8,Magnificent Festival,25,$18.97 ,This cake will is perfect for putting on a great show.,https://youtu.be/m5_q4sctH60,magnificent_festival,200g Cakes
8,Circus Circus,12,$18.97 ,This cake is nice and loud for all to see.,https://youtu.be/sqHxcw8HpFk,circus_circus,200g Cakes
8,Bling Bling,36,$19.97 ,This cake will is perfect for putting on a great show.,https://youtu.be/9kFUfCJNnb4,bling_bling,200g Cakes
8,Wild Bear,16,$19.97 ,This cake will is perfect for putting on a great show.,https://youtu.be/ehZMU3JZ0EE,wild_bear,200g Cakes
8,Lion King,16,$19.97 ,This cake is nice and loud for all to see.,https://youtu.be/sXpx6V6cflo,lion_king,200g Cakes
8,Cliffhanger,25,$19.97 ,This cake will is perfect for putting on a great show.,https://youtu.be/cftq3Inpgc0,cliffhanger,200g Cakes
8,Lickety Split,20,$21.97 ,This cake will is perfect for putting on a great show.,https://youtu.be/24s9FPtWKv4,lickety_split,200g Cakes
8,Military Secret,20,$21.97 ,This cake will is perfect for putting on a great show.,https://youtu.be/7LmGguQGHsE,military_secret,200g Cakes
8,Psych Out,14,$22.97 ,This cake is great for surpising everyone watching when it switches from a fountain to shots in the air.,https://youtu.be/gs3n8NdfFro,psych_out,200g Cakes
8,Minigun Ammo,92,$24.97 ,This cake will is perfect for putting on a great show.,https://youtu.be/IanmQT8ARyo,minigun_ammo,200g Cakes
8,Rhapsody,14,$20.97 ,This cake will is perfect for putting on a great show.,https://youtu.be/PG_ZE8vmnG4,rhapsody,300g Cakes
8,Swarm,9,$21.97 ,This cake will is perfect for putting on a great show.,https://youtu.be/jYfnsCr9zM8,swarm,300g Cakes
8,Wicked Good,9,$24.97 ,This cake will is perfect for putting on a great show.,https://youtu.be/zHrKPxHxFew,wicked_good,300g Cakes
8,4 Million Fireflies,6,$29.97 ,This cake will is perfect for putting on a great show.,https://youtu.be/XGeJOTeeULs,f4_million_fireflies,300g Cakes
8,Tempt Fate,20,$29.97 ,This cake will is perfect for putting on a great show.,https://youtu.be/OTsnOWyT4mk,tempt_fate,300g Cakes
8,Pacific Rush,15,$34.97 ,This cake will is perfect for putting on a great show.,https://youtu.be/ZueOo-9ilVI,pacific_rush,300g Cakes
8,Bamboozle,42,$39.97 ,This cake will is perfect for putting on a great show.,https://youtu.be/9CVyZnZlmXQ,bamoozle,300g Cakes
8,Hustle Bustle,24,$42.97 ,This cake will is perfect for putting on a great show.,https://youtu.be/GT2YoKtO3Lw,hustle_bustle,500g Cakes
8,High Voltage,8,$42.97 ,This cake will is perfect for putting on a great show.,https://youtu.be/i7bHcxIa4mc,high_voltage,500g Cakes
8,Blond Joke,36,$44.97 ,This cake will is perfect for putting on a great show.,https://youtu.be/0bppvpLzcWk,blonde_joke,500g Cakes
8,Hydrogen Bomb,16,$44.97 ,This cake will is perfect for putting on a great show.,https://youtu.be/1Zw6CYfJmFI,hydrogen_bomb,500g Cakes
8,Willow Champ,11,$46.97 ,This cake will is perfect for putting on a great show.,https://youtu.be/BpAekpkOUSo,willow_champ,500g Cakes
8,War Craft,32,$49.97 ,This cake will is perfect for putting on a great show.,https://youtu.be/e1TlNb0LE88,warcraft,500g Cakes
8,Wheeler Dealer,9,$49.97 ,This cake will is perfect for putting on a great show.,https://youtu.be/gcKa4iFHun4,wheeler_dealer,500g Cakes
8,AH-64 (Apache) ,19,$49.97 ,This cake will is perfect for putting on a great show.,https://youtu.be/14xL89_qSjk,ah_64,500g Cakes
8,Rainbow in a Box,10,$49.97 ,This cake will is perfect for putting on a great show.,https://youtu.be/Wqkl9tfbkak,rainbow_in_a_box,500g Cakes
8,10 Million Fireflies,28,$52.97 ,This cake will is perfect for putting on a great show.,https://youtu.be/CZH2fDhYgmI,f10_million_fireflies,500g Cakes
8,Celebration,37,$52.97 ,This cake will is perfect for putting on a great show.,https://youtu.be/zkoVSbI_9mU,celebrate,500g Cakes
8,Amped,36,$54.97 ,This cake will is perfect for putting on a great show.,https://youtu.be/qBqa3wFWu90,amped,500g Cakes
8,Big Boyz Big Toyz,16,$54.97 ,This cake will is perfect for putting on a great show.,https://youtu.be/_NBApVTpTJI,bigboyzbigtoyz,500g Cakes
8,Tropical Paradise,25,$54.97 ,This cake will is perfect for putting on a great show.,https://youtu.be/r7WvGozXo7E,tropical_paradise,500g Cakes
8,Sky Fall,12,$54.97 ,This cake will is perfect for putting on a great show.,https://youtu.be/cP_8Kwqg7JA,skyfall,500g Cakes
8,Super Stunt,10,$58.97 ,This cake will is perfect for putting on a great show.,https://youtu.be/GI5WKbtMeqU,super_stunt,500g Cakes
8,Patriotic Dominance,36,$58.97 ,This cake will is perfect for putting on a great show.,https://youtu.be/OXKglhFAT5I,patriotic_dominance,500g Cakes
8,Parrots Prattle,10,$59.97 ,This cake will is perfect for putting on a great show.,https://youtu.be/83C-kFWwJhY,parrots_prattle,500g Cakes
8,Mammoth Crackle,30,$59.97 ,This cake will is perfect for putting on a great show.,https://youtu.be/GcmNfngsMtE,mammoth_crackle,500g Cakes
8,Beachin,21,$59.97 ,This cake will is perfect for putting on a great show.,https://youtu.be/ETzpAJYT2zY,beachin,500g Cakes
8,Yowza! ,33,$64.97 ,This cake will is perfect for putting on a great show.,https://youtu.be/DMPpTUU__rA,yowza,500g Cakes
8,Sleepy Hollow,9,$74.97 ,This cake will is perfect for putting on a great show.,https://youtu.be/Bgr8CL573OY,sleepy_hollow,500g Cakes
8,Energy Star,1,$84.97 ,This cake will is perfect for putting on a great show.,https://youtu.be/Xp2tbSNWEJs,energy_star,500g Cakes
7,Catcalls,1,$29.97 ,This cake will is perfect for putting on a great show.,https://youtu.be/BoDTx_HsBsM,catcalls,500g Fountains
10,Stampede,104,$144.97 ,This Z-Cake makes a great finally as it puts a show on all by its' self.,https://youtu.be/G7qZiFvaHNs,stampede,500g Supermax Cakes
10,Delta Army,157,$149.97 ,This Z-Cake makes a great finally as it puts a show on all by its' self.,https://youtu.be/HONfo-LlYsw,delta_army,500g Supermax Cakes
10,Circus Blast,125,$149.97 ,This Z-Cake makes a great finally as it puts a show on all by its' self.,https://youtu.be/L5SUr7tDBQw,circus_blast,500g Supermax Cakes
10,Touch of Gold,119,$159.97 ,This Z-Cake makes a great finally as it puts a show on all by its' self.,https://youtu.be/RvEdoLEvkoU,touch_of_gold,500g Supermax Cakes
10,Sound and Light Show,213,$159.97 ,This Z-Cake makes a great finally as it puts a show on all by its' self.,https://youtu.be/4HC2BOV-saA,sound_and_light_show,500g Supermax Cakes
10,192 Proof,192,$174.97 ,This Z-Cake makes a great finally as it puts a show on all by its' self.,https://youtu.be/dXzZIqI0N4U,f192_proof,500g Supermax Cakes
10,Megawatt,295,$174.97 ,This Z-Cake makes a great finally as it puts a show on all by its' self.,https://youtu.be/En2v2rgq0xo,megawatt,500g Supermax Cakes
9,Dominator Artiller Shell,6,$7.97 ,These reloadable shells will keep you and your guest entertained.,https://youtu.be/8QP8oVLwxdk,dominator_artillery_shell,6 Shot Reloadable
9,Small Festival Balls,6,$8.97 ,These reloadable shells will keep you and your guest entertained.,https://youtu.be/poLthyJWOIA,small_festival_balls,6 Shot Reloadable
9,Whistling Buster,6,$9.97 ,These reloadable shells will keep you and your guest entertained.,https://youtu.be/webNn-aCT5k,whistling_buster,6 Shot Reloadable
9,Shotgun Shells,6,$10.97 ,These reloadable shells will keep you and your guest entertained.,https://youtu.be/oP40eq27fyw,shotgun_shells,6 Shot Reloadable
9,Artillery Shell Red Box,6,$10.97 ,These reloadable shells will keep you and your guest entertained.,https://youtu.be/vVcZW-_hHEo,red_box_artillery,6 Shot Reloadable
9,Primo Artillery,6,$14.97 ,These reloadable shells will keep you and your guest entertained.,https://youtu.be/uRPqY8qHkfs,primo_artillery,6 Shot Reloadable
9,Black Cat Whistling Artillery,6,$14.97 ,These reloadable shells will keep you and your guest entertained.,https://youtu.be/kW8RWAdNXNs,black_cat_whistling_artillery,6 Shot Reloadable
9,3-Breaker,6,$19.97 ,These reloadable shells will keep you and your guest entertained.,https://youtu.be/YkYG77MnRPM,f3_breaker,6 Shot Reloadable
9,Pyro Predator Canisters,6,$24.97 ,These reloadable shells will keep you and your guest entertained.,https://youtu.be/0KaNGk82rlY,pyro_predator_canister_6pk,6 Shot Reloadable
9,Whacky Tobacky,9,$99.97 ,These 9-shot racks will make a beautiful finally for all to see.,https://youtu.be/879CN0Cewng,whacky_tobacky,9 Shot Racks
9,Captain Jack,9,$124.97 ,These 9-shot racks will make a beautiful finally for all to see.,https://youtu.be/aWn5LMDngEU,captain_jack,9 Shot Racks
9,Nuclear Sunrise,9,$149.97 ,These 9-shot racks will make a beautiful finally for all to see.,https://youtu.be/Abh9OWTgddM,nuclear_sunrise,9 Shot Racks
9,Heat Wave,9,$149.97 ,These 9-shot racks will make a beautiful finally for all to see.,https://youtu.be/InjJ0y0_eIk,heat_wave,9 Shot Racks
2,Kid's Pack,Multi,$9.99 ,This assortment is great for kids and parents alike.,https://youtu.be/GH5WdDIELAo,kids_pack,Assortments
2,Big Cat - Small,Multi,$11.97 ,This assortment is great for kids and parents alike.,https://youtu.be/-YDLsbQC16M,big_cat,Assortments
2,Lil' Goodie Bag,Multi,$14.97 ,This assortment is great for kids and parents alike.,https://youtu.be/HaJKoTVXjVQ,lil_goodie_bag,Assortments
2,Bucket of Fun,Multi,$19.97 ,This assortment is great for kids and parents alike.,https://youtu.be/i9g95EoOd84,bucket_of_fun,Assortments
2,Nitro Blast Tray,Multi,$19.97 ,This assortment is great for kids and parents alike.,https://youtu.be/tPtKsFK4Pwo,nitro_blast_tray,Assortments
2,Big Cat  - Medium,Multi,$22.97 ,This assortment is great for kids and parents alike.,https://youtu.be/W6FbiIZJXOs,big_cat_medium,Assortments
2,Wacky Pack Backpack Assortment,Multi,$24.97 ,This assortment is great for kids and parents alike.,https://youtu.be/3QM2UK7M6No,wacky_pack_backpack,Assortments
2,Sweetheart Assortment Backpack,Multi,$24.97 ,This assortment is great for kids and parents alike.,https://youtu.be/Id24YuBkK8M,sweetheart_backpack,Assortments
2,Super Assortment Tray,Multi,$24.97 ,This assortment is great for kids and parents alike.,https://www.tntfireworks.com/fireworks/cat/assortments/2865-super-tnt-tray,super_assortment_tray,Assortments
11,Boomtown Tray,Multi,$49.97 ,This assortment is great for kids and parents alike.,https://youtu.be/osKfuEtapbY,boomtown_tray,Assortments
11,Party Zone #4,Multi,$59.97 ,This assortment is great for kids and parents alike.,https://youtu.be/fdcjOi5c6no,partyzone4,Assortments
11,Bullseye #5,Multi,$99.97 ,This assortment is great for kids and parents alike.,https://youtu.be/Zwen_ih4SYg,bullseye,Assortments
11,American Pride #6,Multi,$119.97 ,This assortment is great for kids and parents alike.,https://youtu.be/M8g-kGHj9bA,american_pride,Assortments
11,Blast City,Multi,$199.97 ,This is a great assortment of cakes.,https://youtu.be/mJil90fRQNQ,blast_city,Assortments
11,The Boss,Multi,$224.97 ,This is a great assortment of cakes.,https://youtu.be/P1gdU0tGhw0,the_boss,Assortments
11,Life of the Party,Multi,$274.97 ,This is a great assortment of cakes.,https://youtu.be/Tm80dwYhHvs,life_of_the_party,Assortments
11,Body Bag,Multi,$324.97 ,This is a great assortment of cakes.,https://youtu.be/WW83i3-6gzg,body_bag,Assortments
11,Ultimate Backyarder ,Multi,$549.97 ,The perfect assortment of cakes just perfect for putting on a great show.,https://youtu.be/u0ySq_qBZO0,ultimate_backyarder,Assortments
7,#4 Assorted Cone - Blue,1,$1.97 ,This little fun fountain is great for kids.,https://youtu.be/nnKg05HK018,cone,Cones
7,#4 Assorted Cone - Yellow,1,$1.97 ,This little fun fountain is great for kids.,https://youtu.be/nnKg05HK018,cone,Cones
3,Hale Bomb 16 Pack Firecracker - 40 Bundle,640,$9.97 ,The firecrackers are great for kids and adults.,https://youtu.be/rSQ1VB6JoIg,hale_bomb,Crackers
3,Hale Bomb 16 Pack Firecracker - Single Pack,16,$0.25 ,The firecrackers are great for kids and adults.,https://youtu.be/rSQ1VB6JoIg,hale_bomb,Crackers
3,Thunder Bomb 50 Pack Firecracker - 40 Bundle,2000,$18.97 ,The firecrackers are great for kids and adults.,https://youtu.be/cj55rh0We04,thunderbomb,Crackers
3,Thunder Bomb 50 Pack Firecracker - Single Pack,50,$0.49 ,The firecrackers are great for kids and adults.,https://youtu.be/cj55rh0We04,thunderbomb,Crackers
3,Nitro Bomb 100 Pack Firecracker - 20 Bundle,2000,$18.97 ,The firecrackers are great for kids and adults.,https://youtu.be/cj55rh0We05,nitro_bomb,Crackers
3,Nitro Bomb 100 Pack Firecracker - Single Pack,100,$0.97 ,The firecrackers are great for kids and adults.,https://youtu.be/cj55rh0We06,nitro_bomb,Crackers
3,Crackering Ball - 6 Pack,6,$0.97 ,These crackling balls are fun for all.,https://youtu.be/eHUfA7M2En4,cracklingball,Crackers
3,Crackering Ball - Box of 12 6-Packs,72,$10.97 ,These crackling balls are fun for all.,https://youtu.be/eHUfA7M2En5,cracklingball,Crackers
3,"Dominator 1"" Crackers",Multi,$1.97 ,The firecrackers are great for kids and adults.,https://youtu.be/QHIxF_imi6E,dominator,Crackers
3,M-60,Multi,$1.97 ,The firecrackers are great for kids and adults.,https://youtu.be/PZForNvOaGQ,m_60,Crackers
3,M-5000 Jumbo Cracker,1,$3.97 ,The firecrackers are great for kids and adults.,https://youtu.be/MtLRP_yq8go,m_5000,Crackers
3,Hale Bomb 500 Roll,500,$4.97 ,The firecrackers are great for kids and adults.,https://youtu.be/Nqk6_ka5Gvg,f500_roll,Crackers
3,Pyro Viagra,3,$4.97 ,These crackling balls are fun for all.,https://youtu.be/-9_cr8QcvSE,,Crackers
3,Balls of Fury,3,$4.97 ,These crackling balls are fun for all.,https://youtu.be/-9_cr8QcvSE,pyro_viagra,Crackers
3,Kryptonite,3,$4.97 ,These crackling balls are fun for all.,https://youtu.be/-9_cr8QcvSE,pyro_viagra,Crackers
3,Big Blue Balls,3,$4.97 ,These crackling balls are fun for all.,https://youtu.be/-9_cr8QcvSE,pyro_viagra,Crackers
3,Thunder Snaps - Single Box,Multi,$3.97 ,These snappers are not for kids and are super powerfull and super fun.,https://youtu.be/wtAaaVZ_UAs,thunder_snaps,Crackers
3,Thunder Snaps - Case of 30 Packs,Multi,$99.97 ,These snappers are not for kids and are super powerfull and super fun.,https://youtu.be/wtAaaVZ_UAs,thunder_snaps,Crackers
3,Black Cat 500 Roll,500,$6.97 ,The firecrackers are great for kids and adults.,https://youtu.be/Nqk6_ka5Gvg,black_cat_500_roll,Crackers
3,Hale Bomb 1000 Roll,1000,$8.49 ,The firecrackers are great for kids and adults.,https://youtu.be/Nqk6_ka5Gvg,black_cat_500_roll,Crackers
3,Black Cat 1000 Roll,1000,$13.97 ,The firecrackers are great for kids and adults.,https://youtu.be/Nqk6_ka5Gvg,black_cat_500_roll,Crackers
3,16000 Roll,16000,$129.97 ,The firecrackers are great for kids and adults.,https://youtu.be/LniDpY7Tqu8,f16000_firecracker,Crackers
7,Dancing Butterfly,1,$0.75 ,This little fun fountain is great for kids.,https://youtu.be/ATqJsGqk5po,dancing_butterfly,Fountains
7,Cracklin Crawfish 6pk            ,1,$0.97 ,This little fun fountain is great for kids.,https://youtu.be/SLmoJQaGk_U,crackling_crawfish,Fountains
7,Cracklin Crawfish 6pk,1,$4.97 ,This little fun fountain is great for kids.,https://youtu.be/SLmoJQaGk_U,crackling_crawfish,Fountains
7,Cuckoo,1,$0.97 ,This little fun fountain is great for kids.,https://youtu.be/Ct52-va33U4,cuckoo,Fountains
7,Killer Bees,1,$1.25 ,This little fun fountain is great for kids.,https://youtu.be/YDT7_pL_dR8,killer_bees,Fountains
7,Heavenly Highway,1,$1.97 ,This little fun fountain is great for kids.,https://youtu.be/IsiJXIZMMJo,heavenly_highway,Fountains
7,Hula Girl,1,$2.97 ,This little fun fountain is great for kids.,https://youtu.be/vvF75IIstMg,hula_girl,Fountains
7,Nut Job,1,$2.97 ,This little fun fountain is great for kids.,https://youtu.be/llBMeMFGYmY,nut_job,Fountains
7,Dancing Flower,1,$2.97 ,This little fun fountain is great for kids.,https://youtu.be/ir8PVX0k88E,dancing_flowers,Fountains
7,Booby Trap,1,$4.49 ,This little fun fountain is great for kids.,https://youtu.be/5BWLBHzqY5Y,booby_trap,Fountains
7,Hurly Burly,1,$4.97 ,This little fun fountain is great for kids.,https://youtu.be/7i_ce_bgN_Y,hurly_burly,Fountains
7,Wanna Play a Game?,1,$6.97 ,This fountain is fun for all to watch.,https://youtu.be/Vmizgl4Dsww,wanna_play_a_game,Fountains
7,Bees Knees,1,$6.97 ,This fountain is fun for all to watch.,https://youtu.be/r3J296t2xGM,bees_knees,Fountains
7,Mind Games,1,$7.49 ,This fountain is fun for all to watch.,https://youtu.be/2Jj41hTz3tc,mind_games,Fountains
7,Lucky Star,1,$7.97 ,This fountain is fun for all to watch.,https://youtu.be/Qe5X9uLtb4Q,lucky_star,Fountains
7,Spellbound,1,$9.97 ,This fountain is fun for all to watch.,https://youtu.be/ennAXdxB3HE,spellbound,Fountains
7,Mad Scientist,1,$10.97 ,This fountain is fun for all to watch.,https://youtu.be/WYAw5p6jo70,mad_scientist,Fountains
7,Koi Pond,1,$12.97 ,This fountain is fun for all to watch.,https://youtu.be/9OQPV39IKTs,koi_pond,Fountains
7,Maximum Overdrive,1,$14.97 ,This fountain is fun for all to watch.,https://youtu.be/q2yiPnE9GxY,maximum_overdrive,Fountains
7,Fire Hydrant,1,$19.97 ,This fountain is fun for all to watch.,https://youtu.be/bxl9sqfQRtw,fire_hydrant,Fountains
7,Ferris Fling,1,$19.97 ,This fountain is fun for all to watch.,https://youtu.be/TZam9dTwQuk,ferris_fling,Fountains
7,The Coliseum,1,$20.97 ,This fountain is fun for all to watch.,https://youtu.be/EvIJdLTTdwY,coliseum,Fountains
5,H-Wing 2,1,$1.25 ,Watch these rockets as they rise sore with a great lift-off.,https://youtu.be/EDDu4CBXuvQ,missile,Missiles
5,"7"" Warhawk",1,$1.97 ,Watch these rockets as they rise sore with a great lift-off.,https://youtu.be/EDDu4CBXuvQ,missile,Missiles
5,"10"" Cloud Cruiser Missile",1,$3.97 ,Watch these rockets as they rise sore with a great lift-off.,https://youtu.be/EDDu4CBXuvQ,missile,Missiles
5,"12"" Missile",1,$4.49 ,Watch these rockets as they rise sore with a great lift-off.,https://youtu.be/EDDu4CBXuvQ,missile,Missiles
1,Party Poppers - Single,1,$0.19 ,This little novelty firework is great for kids and adults inner child.,https://youtu.be/HB1h4m65Hws,party_poppers,Novelties
1,Party Poppers - Box of 6 dozen (72),72,$12.97 ,This little novelty firework is great for kids and adults inner child.,https://youtu.be/HB1h4m65Hws,party_poppers,Novelties
1,Hen Laying Eggs - Single,1,$0.49 ,This little novelty firework is great for kids and adults inner child.,https://youtu.be/Blmi_ub7nHA,hen_laying_eggs,Novelties
1,Hen Laying Eggs - Box of 24,24,$10.97 ,This little novelty firework is great for kids and adults inner child.,https://youtu.be/Blmi_ub7nHA,hen_laying_eggs,Novelties
1,Tank - Single,1,$0.49 ,This little novelty firework is great for kids and adults inner child.,https://youtu.be/LC4ZuQEFMVg,tank,Novelties
1,Tank - Case of 12,12,$4.97 ,This little novelty firework is great for kids and adults inner child.,https://youtu.be/LC4ZuQEFMVg,tank,Novelties
1,Snappers - Single Box,Multi,$0.49 ,This little novelty firework is great for kids and adults inner child.,https://youtu.be/2QegTH1h0mY,snappers,Novelties
1,Snappers - Case of 40 Boxes,Multi,$17.97 ,This little novelty firework is great for kids and adults inner child.,https://youtu.be/2QegTH1h0mY,snappers,Novelties
1,Snakes Alive - Case of 12,12,$7.97 ,This little novelty firework is great for kids and adults inner child.,https://youtu.be/2DNEDpoB3E8,snakes_alive,Novelties
1,Snakes Alive - Single,1,$0.75 ,This little novelty firework is great for kids and adults inner child.,https://youtu.be/2DNEDpoB3E9,snakes_alive,Novelties
1,Climbing Panda - Single,1,$0.97 ,This little novelty firework is great for kids and adults inner child.,https://youtu.be/8isPjTMo0Dk,climbing_pandas,Novelties
1,Climbing Panda - Box of 6,6,$0.97 ,This little novelty firework is great for kids and adults inner child.,https://youtu.be/8isPjTMo0Dk,climbing_pandas,Novelties
1,Penguin Mama - Single,1,$0.97 ,This little novelty firework is great for kids and adults inner child.,https://youtu.be/X1G-zWgAy6s,penguin_mama,Novelties
1,Penguin Mama - Case of 12,12,$4.97 ,This little novelty firework is great for kids and adults inner child.,https://youtu.be/X1G-zWgAy6s,penguin_mama,Novelties
1,Poopy Puppy - Single,1,$1.49 ,This little novelty firework is great for kids and adults inner child.,https://youtu.be/BdNtYgDYP28,poopy_puppy,Novelties
1,Chigger Chaser - 12 Pack,12,$1.97 ,This little novelty firework is great for kids and adults inner child.,https://youtu.be/m7LNQLjJFJ0,chigger_chaser,Novelties
1,Daytona Racer / Race Car - 2 Pack,2,$3.47 ,This little novelty firework is great for kids and adults inner child.,https://youtu.be/aLb8LVuVMZQ,daytona_racer,Novelties
1,Daytona Racer / Race Car - Single,1,$1.97 ,This little novelty firework is great for kids and adults inner child.,https://youtu.be/aLb8LVuVMZQ,daytona_racer,Novelties
1,Patriotic Chicken R-W-B,1,$2.97 ,This little novelty firework is great for kids and adults inner child.,https://youtu.be/Xsr89jnoMW0,patriotic_chicken,Novelties
1,Mr. Tractor/Green Tractor - Single,1,$4.97 ,This little novelty firework is great for kids and adults inner child.,https://youtu.be/MI0toRNvB6U,mr_tractor,Novelties
1,Mr. Tractor/Green Tractor - 2 Pack,2,$8.97 ,This little novelty firework is great for kids and adults inner child.,https://youtu.be/MI0toRNvB6U,mr_tractor,Novelties
1,Big Truck,1,$4.97 ,This little novelty firework is great for kids and adults inner child.,https://youtu.be/KjTEQExwsS4,big_truck,Novelties
1,Crusher Truck,1,$4.97 ,This little novelty firework is great for kids and adults inner child.,https://youtu.be/KjTEQExwsS5,crusher_truck,Novelties
1,Huggy Tuggy - Single,1,$3.47 ,This little novelty firework is great for kids and adults inner child.,https://youtu.be/IVCShhf57Yc,huggy_tuggy,Novelties
1,Huggy Tuggy - 2 Pack,2,$5.97 ,This little novelty firework is great for kids and adults inner child.,https://youtu.be/IVCShhf57Yc,huggy_tuggy,Novelties
1,Normandy Landing Craft,1,$5.97 ,This little novelty firework is great for kids and adults inner child.,https://youtu.be/kWl2YMi9DPQ,normandy_landing,Novelties
1,Red Baron,1,$5.97 ,This little novelty firework is great for kids and adults inner child.,https://youtu.be/A1G5p9CRDVU,red_baron,Novelties
1,Ferris Wheel,1,$6.97 ,This little novelty firework is great for kids and adults inner child.,https://youtu.be/CrQZZk__rbQ,ferris_wheel,Novelties
1,Single Day,1,$0.75 ,This parachute is perfect to chase and have fun.,https://youtu.be/5qHJYj2D32I,single_day,Parachutes
1,Single Day 6pk,6,$0.75 ,This parachute is perfect to chase and have fun.,https://youtu.be/5qHJYj2D32I,single_day,Parachutes
1,"Mammoth  40""",1,$2.49 ,This parachute is perfect to chase and have fun.,https://youtu.be/qtfBMEQIV00,mammoth_parachute,Parachutes
1,Paratrooper,1,$2.97 ,This parachute is perfect to chase and have fun.,https://youtu.be/xYRU_XuyYyQ,paratrooper,Parachutes
1,Paratrooper 4pk,4,$10.97 ,This parachute is perfect to chase and have fun.,https://youtu.be/xYRU_XuyYyQ,paratrooper,Parachutes
1,Victory Celebration,37,$16.97 ,This parachute is perfect to chase and have fun.,https://youtu.be/gn5uOWiHZMo,victory_celebration,Parachutes
1,Captain America,30,$24.97 ,This parachute is perfect to chase and have fun.,https://youtu.be/PQFHCFxghe0,captain_america,Parachutes
12,"Regular Punk 10""",10,$0.00 ,This punk makes it easy to light your fireworks without having to keep using a lighter.,https://youtu.be/tiFzMVj0rFo,punk,Punks
12,Fat 2-Hour Punk,1,$1.49 ,This punk makes it easy to light your fireworks without having to keep using a lighter.,https://youtu.be/tiFzMVj0rFo,punk,Punks
4,Mighty Candle Pack,10,$1.00 ,This roman candle will is perfect for fun (we would never recommend holding).,https://youtu.be/eDPmwSujEhM,mighty_candle,Roman Candles
4,10 Ball Import,10,$2.49 ,This roman candle will is perfect for fun (we would never recommend holding).,https://youtu.be/eDPmwSujEhM,mighty_candle,Roman Candles
4,Giant Parachute Candle,5,$4.97 ,This roman candle will is perfect for fun (we would never recommend holding).,https://youtu.be/kGd3Ayj0gRQ,parachute_candle,Roman Candles
4,Camo Shots - 6pk,60,$4.97 ,This roman candle will is perfect for fun (we would never recommend holding).,https://youtu.be/_B9D7UvQkTY,camo,Roman Candles
4,Camo Shots - Single,10,$0.97 ,This roman candle will is perfect for fun (we would never recommend holding).,https://youtu.be/_B9D7UvQkTY,camo,Roman Candles
4,Roman Candle (Crackling) 6pk,60,$4.97 ,This roman candle will is perfect for fun (we would never recommend holding).,https://youtu.be/60FnD-4aOWQ,crackling_roman_candle,Roman Candles
4,Roman Candle (Crackling) Single,10,$0.97 ,This roman candle will is perfect for fun (we would never recommend holding).,https://youtu.be/60FnD-4aOWQ,crackling_roman_candle,Roman Candles
4,Fistful of Candles - 5pk,50,$5.97 ,This roman candle will is perfect for fun (we would never recommend holding).,https://youtu.be/8h2hl8LbGMY,fistful_of_candle,Roman Candles
4,Fistful of Candles - Single,10,$1.25 ,This roman candle will is perfect for fun (we would never recommend holding).,https://youtu.be/8h2hl8LbGMY,fistful_of_candle,Roman Candles
4,Ego Maniac - 4pk,20,$7.97 ,This roman candle will is perfect for fun (we would never recommend holding).,https://youtu.be/qDymkkckOm4,ego_maniac,Roman Candles
4,Ego Maniac - Single,5,$2.47 ,This roman candle will is perfect for fun (we would never recommend holding).,https://youtu.be/qDymkkckOm4,ego_maniac,Roman Candles
4,Color Cannon,180,$12.97 ,This roman candle will is perfect for fun (we would never recommend holding).,https://youtu.be/eHAo2Ul2VHo,color_cannon,Roman Candles
6,Saturn Missile Battery,25,$1.25 ,Listen to these little missiles go.,https://youtu.be/ff2jje64vcU,saturn_missile_25,Saturn Missiles
6,Saturn Missile Battery,100,$5.49 ,Listen to these little missiles go.,https://youtu.be/zN9wZdXPhf8,saturn_missile_100,Saturn Missiles
6,A Million Fireflies,300,$15.97 ,Listen to these little missiles go.,https://youtu.be/dazyJMS1_lA,million_fireflies,Saturn Missiles
6,Saturn Missile Battery,750,$109.97 ,Listen to these little missiles go.,https://youtu.be/qbgF4P_Gtc4,saturn_missile_750,Saturn Missiles
1,Flashing Strobe,Multi,$0.97 ,Everyone has fun with smoke.,https://youtu.be/1psdTtgysuE,flashing_strobe,Smoke & Strobe
1,Ass't. Clay Smoke Balls Bag of 6,Multi,$0.97 ,Everyone has fun with smoke.,https://youtu.be/wPta1SS9C6I,clay_smoke_bombs,Smoke & Strobe
1,Ass't. Paper Smoke Balls Bag of 12,Multi,$1.97 ,Everyone has fun with smoke.,https://youtu.be/WeVuLRs7z8o,paper_smoke_bombs,Smoke & Strobe
1,Neon Smoke,Multi,$2.97 ,Everyone has fun with smoke.,https://youtu.be/aBBpxd0BooY,neon_smoke,Smoke & Strobe
1,Chick Magnet,1,$3.49 ,Everyone has fun with smoke.,https://youtu.be/57DmV7LvfcM,chick_magnet,Smoke & Strobe
1,Grenade Attack,1,$5.97 ,Everyone has fun with smoke.,https://youtu.be/lXKQT0hvFjs,pull_string_grenade,Smoke & Strobe
1,#8 Assorted Color (bamboo)(3 diff color boxes),Multi,$0.49 ,These sparklers are fun for all.,https://youtu.be/sb4ItID73tI,morning_glory,Sparklers
1,Morning Glories - Bundle of 6,Multi,$0.49 ,These sparklers are fun for all.,https://youtu.be/TM7tj2WHOMg,morning_glory,Sparklers
1,Morning Glories - Box of 24 Bundles,Multi,$10.97 ,These sparklers are fun for all.,https://youtu.be/TM7tj2WHOMg,morning_glory,Sparklers
1,#10 Color Spark,Multi,$0.75 ,These sparklers are fun for all.,https://youtu.be/sb4ItID73tI,sparklers_10,Sparklers
1,HyperColor XL,Multi,$2.97 ,These sparklers are fun for all.,https://youtu.be/sb4ItID73tI,hypercolor_xl,Sparklers
1,Jumping Jacks - Bundle of 12,Multi,$0.25 ,These sparklers are fun for all.,https://youtu.be/iiTEcVXyBxk,jumping_jacks,Spinners
1,Jumping Jacks - Single,Multi,$0.25 ,These sparklers are fun for all.,https://youtu.be/iiTEcVXyBxk,jumping_jacks,Spinners
1,Ground Bloom Flower - 6 Pack,Multi,$0.97 ,These sparklers are fun for all.,https://youtu.be/t1kLgainnmU,ground_bloom_flower,Spinners
1,Ground Bloom Flower - Brick of 72,Multi,$0.97 ,These sparklers are fun for all.,https://youtu.be/t1kLgainnmU,ground_bloom_flower,Spinners
1,Star Ball,Multi,$1.49 ,These sparklers are fun for all.,https://youtu.be/bLHAROhvTYU,star_ball,Spinners
1,Mar's Rover - 2 Pack,Multi,$4.97 ,These sparklers are fun for all.,https://youtu.be/3jWOvafO2CA,star_ball,Spinners
1,Mar's Rover - Single,Multi,$2.47 ,These sparklers are fun for all.,https://youtu.be/3jWOvafO2CA,star_ball,Spinners
9,Redline,48,$224.97 ,This artillery will keep you going all night.,https://youtu.be/frCjHTSd4bA,redline_artillery_shells_48,Supermax Artillery
9,Megamaster,76,$299.97 ,This artillery will keep you going all night.,https://youtu.be/LCAHGa600DI,megamaster,Supermax Artillery
9,Big Bear Artillery,78,$324.97 ,This artillery will keep you going all night.,https://youtu.be/LCAHGa600DI,big_bear,Supermax Artillery
9,The Extreme,84,$349.97 ,This artillery will keep you going all night.,https://youtu.be/XOFgDAUZAHU,extreme,Supermax Artillery
1,Two Color Spaceship - Single,1,$0.75 ,Watch ths sore in he air with great wonder.,https://youtu.be/g0V_PVzRH5U,spaceship,Wing Items
1,Two Color Spaceship - 6 Pack,6,$3.97 ,Watch ths sore in he air with great wonder.,https://youtu.be/g0V_PVzRH5U,spaceship,Wing Items
1,Darts,Multi,$0.97 ,Watch ths sore in he air with great wonder.,https://youtu.be/f74hUzhsiqU,darts,Wing Items
1,Small Bees w/ Wings (box),Multi,$0.97 ,Watch ths sore in he air with great wonder.,https://youtu.be/8oqNplojuhA,small_bees,Wing Items
1,Artificial Satellites,6,$1.97 ,Watch ths sore in he air with great wonder.,https://youtu.be/a8uP6fIEctI,artificial_satellites,Wing Items
1,Magic Crystal - Single,1,$1.97 ,Watch ths sore in he air with great wonder.,https://youtu.be/upykEHko2WQ,magic_crystals,Wing Items
1,Magic Crystal - 4 Pack,4,$6.97 ,Watch ths sore in he air with great wonder.,https://youtu.be/upykEHko2WQ,magic_crystals,Wing Items
1,Green Hornet,3,$2.97 ,Watch ths sore in he air with great wonder.,https://youtu.be/tH9LJ1JUuFQ,green_hornet,Wing Items
1,Mini Lady Bugs,4,$3.97 ,Watch ths sore in he air with great wonder.,https://youtu.be/R3k4XMkucfY,mini_lady_bugs,Wing Items
1,When Pigs Fly/Fly Piggy,4,$4.97 ,Watch ths sore in he air with great wonder.,https://youtu.be/mPc4UUuvvm8,fly_piggy,Wing Items
